[
  
    {
      "state": "IN",
      "lat": 28.72434, 
      "long": 77.17477,
      "name": "India",
      "device_need_perday": 30,
      "winner": "Hospital",
      "votepercent": 505.1
    },
     
  
    {
      "state": "AK",
      "lat": 37.2520443,
      "long": -121.9465302,
      "name": "Alaska",
      "device_need_perday": 3,
      "winner": "Republicans",
      "votepercent": 53.1
    },
    {
        "device_need_perday": 150,
        "name": "Monitoring",
        "lat": 41.95499119999999,
        "long": -87.6515197,
        "winner": "null",
        "state":"IN",
        "votepercent":35.1
    }


]